user_id,country,age,gender,subscription_type,avg_listening_hours_per_week,total_songs_played,skip_rate,satisfaction_score,churned,monthly_fee,join_date
U1403,Nepal,23,F,Premum,11.5,510,5%,2,0,7.99,03/21/2024
U1165,Nepal,63,male,Student,11.3,526,5%,3,0,0,08/10/2023
U1474,USA,45,F,Premum,2,476,30%,3,0,7.99,04/05/2022
U1478,Nigeria,16,F,Family,12.1,529,20%,5,yes,12.99,12/16/2023
U1609,Ghana,29,M,Free,6.4,477,0.2,3,0,7.99,03/28/2022
U1691,United Kingdom,16,female,Student,11,548,30%,3,0,9.99,04/25/2022
U1262,Nigeria,59,,Free,7.4,502,25%,1,1,9.99,27/06/2022
U1490,United Kingdom,57,F,Premium,11.3,476,30%,3,0,7.99,01/12/2022
U1514,IND,23,female,Studnt,21.5,514,15%,3,0,9.99,12/02/2022
U1412,USA,41,Male,Premum,7.5,494,0.2,1,0,7.99,10/24/2022
U1503,Nigeria,39,Male,Family,18.7,482,0.2,5,no,5,31/01/2022
U1158,Kenya,64,Male,Student,7.6,440,10%,5,0,7.99,09/05/2022
U1387,United Kingdom,49,F,Free,11.2,508,10%,5,yes,9.99,05/02/2022
U1120,Ghana,46,M,Student,11.2,509,0.2,5,1,9.99,02/15/2023
U1258,USA,59,Female,Premium,3.7,507,30%,4,1,7.99,31/10/2022
U1574,Ghana,38,female,Fam,1.5,458,5%,1,yes,9.99 USD,09/17/2023
U1149,Nigeria,50,Male,Free,11.8,527,5%,2,0,7.99,06/29/2024
U1508,UK,48,F,Fam,8.7,511,30%,4,yes,0,09/18/2022
U1304,Nepal,18,F,Fam,9.5,454,10%,1,no,9.99,10/06/2024
U1107,South Africa,33,,Premum,14.6,512,30%,2,0,0,02/03/2023
U1568,Nigeria,33,,Premum,11,522,20%,3,1,7.99,18/04/2024
U1116,IND,13,M,Studnt,10.4,478,5%,3,0,9.99,23/01/2022
U1424,U.K.,26,Female,Studnt,9.5,498,10%,3,0,9.99,11/10/2022
U1038,United Kingdom,48,male,Free,6.7,485,15%,2,0,9.99,02/21/2023
U1649,Kenya,16,F,Fam,4.5,482,ten,1,0,7.99,09/09/2023
U1347,Nepal,20,Male,Fam,10.5,478,20%,4,0,12.99,09/28/2022
U1129,Kenya,24,F,Fam,7.8,486,30%,3,0,12.99,09/01/2022
U1161,India,36,F,Free,9.2,481,10%,3,0,nan,09/27/2022
U1432,Nigeria,52,female,Free,8,496,25%,1,0,7.99,11/12/2022
U1097,USA,17,Male,Family,7.8,473,25%,1,0,5,09/22/2023
U1673,USA,20,female,Studnt,15.2,517,10%,1,0,5,05/21/2024
U1561,Nigeria,58,male,Premum,7.5,524,0.1,1,yes,7.99,05/18/2023
U1033,Brazil,24,male,Studnt,10.9,500,5%,2,0,5,31/01/2024
U1150,Nigeria,62,male,Premum,12.8,459,30%,5,0,9.99 USD,25/09/2022
U1452,Nepal,63,Male,Fam,10.7,528,20%,4,0,7.99,29/09/2022
U1382,U.K.,25,Other,Premium,9,442,20%,5,0,9.99,29/06/2022
U1340,United Kingdom,61,Other,Studnt,6.9,519,15%,2,1,12.99,13/12/2022
U1086,USA,46,F,Fam,10.5,520,ten,3,0,5,04/13/2023
U1021,USA,43,male,Fam,12.3,535,ten,5,1,9.99,28/10/2022
U1136,Brazil,60,Female,Fam,3.7,482,30%,3,0,7.99,02/03/2023
U1173,USA,29,Male,Family,12.5,475,10%,4,1,7.99,29/10/2023
U1615,India,40,male,Premum,7.7,493,20%,2,0,7.99,07/09/2022
U1543,USA,54,M,Fam,6.7,542,20%,5,0,9.99,02/07/2024
U1247,U.K.,40,Other,Fam,3.2,507,ten,3,0,12.99,07/09/2022
U1133,USA,42,Other,Studnt,14.4,491,5%,1,0,9.99,05/08/2023
U1373,IND,45,Female,Studnt,13.3,530,20%,4,0,7.99,12/05/2023
U1511,Nigeria,39,,Free,10.7,531,25%,2,1,9.99,19/12/2023
U1618,IND,19,male,Student,10,472,ten,1,0,7.99,09/24/2022
U1281,Nigeria,25,,Family,4.5,483,10%,3,0,nan,01/09/2023
U1454,United Kingdom,63,Female,Free,11.3,492,10%,1,0,9.99,09/09/2022
U1283,Kenya,37,Male,Studnt,7.1,490,0.2,3,no,0,02/18/2022
U1006,Nigeria,33,Other,Student,4.6,518,30%,3,0,9.99,19/11/2022
U1616,United Kingdom,52,,Family,9.8,507,0.2,3,no,7.99,03/20/2022
U1308,India,57,Other,Free,4.4,513,0.2,1,0,nan,03/11/2022
U1201,South Africa,41,,Fam,3,529,20%,,0,7.99,08/08/2023
U1096,USA,43,Female,Premium,1.5,520,25%,5,no,12.99,20/06/2023
U1386,Nigeria,13,M,Free,11,510,0.2,2,no,9.99,01/22/2024
U1034,Brazil,36,F,Student,8.9,471,10%,4,0,0,16/04/2023
U1044,IND,49,M,Premum,12.5,532,ten,5,0,0,11/08/2023
U1694,USA,33,F,Family,14.8,488,30%,,0,9.99,27/07/2024
U1686,USA,26,Other,Student,15.8,494,25%,2,0,9.99 USD,04/25/2023
U1429,Ghana,54,,Free,6,480,0.2,2,0,9.99,08/01/2024
U1484,IND,45,Female,Studnt,10.4,479,10%,3,0,12.99,14/10/2022
U1426,Kenya,16,F,Premum,10.2,523,30%,4,0,7.99,26/09/2022
U1695,UK,26,Other,Free,15.5,504,0.1,5,1,0,14/06/2024
U1390,U.K.,21,M,Free,11.3,506,0.2,3,0,9.99,08/05/2022
U1152,United Kingdom,30,,Family,7,494,0.2,3,1,9.99,07/11/2022
U1378,IND,35,,Premium,7.3,526,30%,4,1,7.99,03/10/2023
U1074,Nepal,44,F,Studnt,7.5,494,ten,3,0,12.99,28/05/2022
U1335,United Kingdom,40,M,Fam,10.4,490,0.1,3,0,5,23/08/2022
U1551,USA,52,female,Premium,7.3,516,30%,3,1,0,24/11/2023
U1565,Ghana,63,,Premium,15.8,463,30%,3,0,7.99,07/01/2024
U1487,IND,43,male,Fam,10.2,474,5%,4,0,7.99,02/23/2023
U1670,Nepal,15,Male,Fam,9.9,485,25%,4,1,5,07/02/2023
U1685,India,36,F,Premum,17.5,490,30%,3,0,5,29/04/2023
U1242,UK,27,,Fam,7.8,525,15%,5,1,7.99,09/06/2022
U1466,Nigeria,45,male,Student,13.3,504,20%,3,0,0,04/25/2022
U1180,USA,25,Female,Premum,10.2,542,0.1,5,0,0,12/11/2022
U1094,Ghana,29,M,Studnt,15.8,481,0.2,5,0,5,08/17/2024
U1410,Ghana,52,female,Premum,9.5,513,5%,5,0,9.99,09/04/2023
U1079,Nigeria,38,F,Studnt,13.8,519,0.1,2,0,9.99,04/10/2023
U1250,Brazil,36,Female,Studnt,19.3,530,15%,2,0,7.99,02/10/2023
U1407,Nigeria,47,Male,Fam,0.2,511,5%,1,0,0,11/06/2022
U1041,India,62,Other,Free,10.3,466,15%,1,0,7.99,24/11/2023
U1632,Nigeria,42,Female,Free,12.6,497,10%,3,yes,7.99,06/04/2022
U1656,U.K.,22,Female,Family,7.8,505,5%,3,1,9.99,02/06/2023
U1211,USA,34,F,Premium,5.9,489,10%,2,0,9.99,17/08/2024
U1611,USA,53,,Premum,4.1,503,0.1,4,0,9.99,13/05/2022
U1356,IND,31,Male,Premum,5.1,495,10%,5,0,5,12/09/2022
U1583,UK,19,M,Free,14.2,512,ten,3,0,nan,05/07/2022
U1313,Nepal,33,female,Family,11.7,469,20%,3,0,9.99,08/04/2024
U1617,Nigeria,61,male,Premium,4.3,482,0.1,3,0,9.99,28/07/2023
U1205,Ghana,31,M,Free,4.4,486,30%,3,yes,9.99,05/01/2022
U1365,IND,26,Female,Family,16.8,513,15%,4,no,9.99,08/07/2024
U1567,India,27,female,Premium,1.3,480,0.2,1,0,9.99 USD,15/12/2022
U1249,Nepal,26,male,Studnt,12.9,464,20%,2,0,5,07/31/2022
U1292,USA,59,F,Premium,8.5,525,10%,3,0,7.99,28/07/2024
U1689,Kenya,55,M,Family,15,534,ten,4,1,0,12/19/2022
U1453,India,51,F,Premium,15.5,502,ten,2,0,9.99,12/15/2022
U1434,Nepal,51,F,Family,7.5,487,30%,3,0,9.99,11/26/2022
U1376,UK,22,male,Fam,8.7,533,0.1,2,1,12.99,05/02/2022
,UK,50,female,Student,0.9,533,10%,4,no,0,05/07/2022
U1448,USA,14,male,Premium,5.2,523,0.2,4,0,0,16/02/2024
U1489,Kenya,48,Female,Premum,15.8,493,0.2,5,1,5,12/10/2023
U1196,IND,37,Male,Premium,14.1,528,5%,2,1,7.99,01/03/2022
U1187,Ghana,35,M,Premium,10.4,513,0.2,3,1,0,10/01/2022
U1169,Ghana,16,Male,Fam,9.3,534,ten,3,1,5,25/01/2022
U1028,Nigeria,22,F,Premium,4.1,512,ten,3,0,9.99 USD,10/30/2023
U1552,U.K.,53,Other,Free,10.7,510,0.2,,0,7.99,12/30/2022
U1683,USA,47,Male,Family,8.3,500,5%,3,0,9.99,11/18/2023
U1653,U.K.,51,Female,Student,14.5,491,10%,3,0,12.99,07/21/2022
U1675,Kenya,49,,Studnt,5.8,507,0.1,3,0,9.99 USD,14/04/2022
U1597,United Kingdom,36,F,Student,13.9,525,0.1,3,0,5,08/05/2023
U1114,UK,25,M,Studnt,4,484,ten,5,0,5,05/24/2022
U1624,Brazil,63,Female,Fam,1,503,10%,5,1,9.99,11/06/2023
U1144,Nigeria,23,Other,Student,17.3,490,ten,3,0,12.99,16/11/2023
U1505,IND,63,Female,Premium,13.9,493,0.2,2,0,7.99,04/18/2023
U1652,Ghana,41,F,Student,11.5,474,25%,3,no,9.99 USD,17/07/2023
U1602,Ghana,34,female,Fam,5.2,487,10%,3,0,5,24/01/2024
U1266,Kenya,47,Other,Family,15.2,483,5%,3,0,9.99 USD,05/27/2022
U1575,IND,53,Other,Studnt,6.8,469,15%,5,0,5,02/25/2022
U1411,South Africa,34,male,Fam,1.2,502,10%,5,yes,9.99 USD,04/04/2024
U1310,UK,49,Female,Student,3.3,494,15%,3,0,9.99 USD,07/23/2023
U1011,South Africa,48,female,Family,13.5,468,0.2,1,0,9.99,10/02/2023
U1513,Nepal,32,M,Premum,13.1,561,30%,5,0,9.99,02/23/2023
U1153,Kenya,42,female,Premium,3.6,525,15%,4,0,9.99,15/09/2022
U1219,UK,58,Male,Student,6.2,571,0.2,4,1,7.99,03/23/2022
U1546,UK,43,Male,Free,14.2,489,30%,4,0,5,07/22/2023
U1341,Nepal,42,M,Premium,13,457,0.1,3,0,9.99,04/01/2022
U1260,India,58,Female,Student,2.9,458,10%,3,0,5,25/07/2024
U1343,Nepal,63,female,Free,7.4,517,30%,4,0,12.99,09/05/2023
U1530,USA,37,,Student,12.4,531,0.1,2,0,9.99,14/06/2023
U1126,U.K.,46,Female,Family,13.4,526,25%,1,0,7.99,22/05/2023
U1633,Nigeria,28,female,Studnt,0.2,529,25%,3,1,0,23/08/2023
U1591,IND,63,Female,Premium,12.4,543,ten,2,0,12.99,12/08/2024
U1496,Ghana,17,Other,Student,17.4,475,25%,5,no,7.99,03/24/2022
U1674,Nepal,59,male,Free,2.8,455,0.1,5,0,nan,16/05/2024
U1566,Kenya,52,female,Free,15.9,499,30%,3,0,5,02/23/2022
U1394,Brazil,50,Male,Free,4.1,541,0.1,2,0,nan,02/12/2024
U1170,IND,22,Other,Family,14.4,493,25%,3,1,9.99,27/04/2024
U1192,Nepal,20,F,Studnt,6.9,482,0.2,4,yes,7.99,08/21/2022
U1178,Nigeria,18,Male,Premium,14.1,466,25%,3,0,12.99,16/10/2023
U1232,IND,55,Other,Studnt,6.9,512,20%,3,0,7.99,03/15/2024
U1352,IND,17,,Free,9.7,474,30%,3,0,9.99,10/20/2022
U1031,Ghana,20,M,Student,16.6,501,20%,2,0,5,16/07/2024
U1035,Nigeria,40,female,Premum,11,452,ten,2,0,9.99,09/26/2022
U1428,United Kingdom,57,F,Fam,11.9,493,10%,5,1,12.99,11/18/2023
U1396,U.K.,42,Male,Family,10.2,510,30%,1,0,7.99,07/02/2024
U1414,Kenya,23,Female,Student,12.7,539,15%,5,0,9.99,07/07/2024
U1593,UK,37,male,Student,6.5,494,0.1,5,0,nan,14/06/2022
U1177,Brazil,46,male,Family,9.6,514,30%,5,0,9.99,15/08/2023
U1370,IND,25,,Free,3.9,513,ten,3,0,7.99,30/12/2022
U1194,Brazil,52,Female,Premum,8.7,566,20%,4,0,9.99,22/03/2023
U1322,U.K.,36,Other,Fam,8.5,523,0.1,1,0,7.99,04/25/2023
U1636,IND,30,,Free,17.9,496,0.2,,0,0,07/07/2024
U1128,Kenya,62,F,Free,7.7,511,0.2,2,no,7.99,10/06/2022
U1389,South Africa,29,F,Fam,10,508,25%,4,0,9.99,26/01/2023
U1353,UK,18,Male,Studnt,6.3,514,15%,4,no,nan,04/02/2023
U1470,Nigeria,39,Other,Premum,5.4,473,30%,1,0,7.99,01/02/2024
U1140,IND,49,M,Studnt,13.2,476,5%,2,0,7.99,05/01/2024
U1020,South Africa,27,,Student,8.1,541,5%,3,no,12.99,04/18/2022
U1699,Nepal,19,female,Family,7.3,519,ten,3,0,9.99,09/19/2022
U1582,United Kingdom,14,female,Fam,12.4,490,0.1,3,0,0,12/08/2022
U1163,Brazil,42,male,Family,14.6,565,ten,4,0,7.99,14/11/2022
U1080,USA,37,male,Premium,9.9,522,0.1,3,1,9.99,04/25/2022
U1425,U.K.,38,M,Fam,16.1,456,0.1,3,0,7.99,04/28/2022
U1477,Nigeria,45,Other,Fam,5.7,484,30%,3,1,7.99,11/11/2022
U1422,Kenya,17,Female,Premium,2.4,516,15%,3,no,0,07/18/2023
U1216,IND,53,Other,Studnt,1.5,466,25%,2,0,9.99,07/08/2024
U1049,Kenya,21,Other,Student,11.5,514,25%,4,1,9.99,13/02/2024
U1000,Kenya,18,male,Premium,6.3,485,5%,,0,7.99,25/02/2023
U1572,South Africa,22,M,Studnt,10.3,494,20%,4,yes,0,23/10/2023
U1697,South Africa,60,F,Student,6.3,510,25%,1,1,nan,06/22/2023
U1119,Nigeria,44,female,Premium,10.5,515,0.1,2,0,5,29/11/2023
U1400,UK,56,Other,Student,6,492,0.1,,0,7.99,01/06/2022
U1668,India,20,Female,Family,9.4,507,30%,1,1,9.99 USD,06/01/2022
U1529,UK,30,M,Family,7.1,494,25%,4,1,9.99,08/14/2024
U1090,U.K.,33,female,Free,0.2,499,20%,2,0,9.99,06/24/2023
U1259,Brazil,35,male,Family,11.7,516,25%,5,1,7.99,14/06/2023
U1154,UK,27,Female,Premum,1.3,513,0.1,3,1,0,09/03/2022
U1184,UK,23,female,Fam,21.5,528,20%,5,0,9.99,21/06/2022
U1598,Ghana,45,female,Free,5.1,526,0.1,4,0,7.99,17/07/2024
U1226,Kenya,21,Male,Studnt,10.6,461,30%,4,1,7.99,05/20/2023
U1576,Ghana,47,female,Free,23.4,545,20%,5,1,0,03/14/2023
U1479,UK,34,Other,Studnt,14.5,508,30%,4,no,7.99,11/08/2022
U1001,India,56,,Premum,11.1,556,20%,5,0,7.99,11/04/2022
U1608,USA,19,Male,Studnt,9.2,510,30%,4,0,5,20/06/2022
U1295,Brazil,59,M,Fam,9.9,511,25%,5,0,7.99,02/22/2023
U1592,USA,36,male,Free,0.9,509,30%,,0,9.99,09/10/2022
U1601,India,55,Female,Studnt,3.9,499,5%,4,0,nan,13/04/2022
U1314,South Africa,18,F,Fam,6,473,25%,3,1,0,08/12/2023
U1532,India,59,male,Student,11.9,513,30%,4,0,7.99,15/07/2022
U1059,U.K.,18,F,Free,7.9,526,ten,3,0,0,04/23/2024
U1443,UK,45,Male,Student,13.3,472,0.2,5,1,9.99 USD,06/14/2024
U1359,India,32,female,Premium,12.5,492,20%,5,1,0,04/11/2023
U1366,Nepal,50,female,Premum,15.9,506,0.1,3,0,9.99 USD,19/04/2024
U1207,UK,17,Other,Premium,17.3,489,25%,3,0,9.99 USD,13/11/2023
U1540,United Kingdom,17,male,Studnt,9.9,469,15%,3,no,12.99,05/10/2024
U1408,United Kingdom,47,Male,Free,9.2,476,ten,1,0,12.99,04/12/2024
U1251,UK,14,,Premum,4.6,480,0.1,1,1,7.99,22/03/2022
U1467,Kenya,64,M,Premium,8.1,485,0.1,4,1,9.99,09/06/2023
U1349,Brazil,63,Male,Student,12.6,518,0.2,3,1,9.99,19/01/2024
U1599,UK,61,female,Premium,17.4,492,ten,3,1,9.99,12/10/2022
U1017,Nepal,53,female,Family,10.2,459,0.2,4,0,0,25/11/2022
U1045,United Kingdom,53,Other,Free,10.3,536,0.2,2,1,7.99,08/02/2023
U1112,United Kingdom,63,F,Student,6.8,479,15%,4,no,7.99,23/04/2023
U1639,Brazil,63,M,Family,16.1,522,ten,3,1,7.99,11/09/2022
U1301,United Kingdom,54,M,Premum,10.4,490,25%,3,0,9.99,03/26/2023
U1023,U.K.,15,,Premium,15.8,507,30%,3,0,0,10/12/2022
U1303,South Africa,49,,Fam,10.5,507,10%,5,0,9.99 USD,07/24/2024
U1548,Nigeria,63,Other,Free,13.9,467,15%,,0,12.99,03/20/2024
U1571,Brazil,21,F,Free,13.2,512,ten,3,0,9.99 USD,01/22/2022
U1231,U.K.,42,male,Premium,14.8,563,30%,2,0,7.99,17/05/2024
U1123,Ghana,20,Female,Student,16.5,491,20%,1,no,nan,04/19/2023
U1644,Nigeria,61,M,Student,10.3,493,0.2,3,no,7.99,25/06/2024
,India,50,Female,Premium,9.1,484,25%,2,no,12.99,07/25/2023
U1640,Brazil,59,Female,Fam,4.7,474,15%,5,1,9.99,08/07/2022
U1625,IND,31,F,Free,8.2,514,5%,2,0,12.99,16/03/2024
U1638,Kenya,26,female,Premium,8.9,475,20%,2,no,7.99,08/19/2022
U1465,USA,41,male,Student,7.4,511,0.1,4,1,7.99,01/03/2022
U1070,South Africa,17,F,Student,4.8,501,25%,1,1,12.99,01/08/2024
U1506,Kenya,63,F,Premium,5.2,501,30%,2,1,12.99,21/10/2022
U1346,United Kingdom,23,F,Student,2.8,516,0.1,5,no,9.99,03/05/2022
U1068,India,62,male,Family,12.5,486,15%,2,0,5,11/19/2023
U1202,Brazil,44,Male,Premium,13.6,521,25%,4,0,5,05/12/2023
U1500,India,24,Female,Family,20.5,492,25%,3,yes,9.99,17/08/2022
U1099,UK,15,M,Family,1.4,511,ten,3,no,12.99,11/24/2022
U1246,India,38,Female,Family,12.4,496,ten,4,no,7.99,02/08/2023
U1285,Nigeria,22,F,Student,10.6,537,0.1,2,1,12.99,02/03/2023
U1005,Kenya,59,Female,Free,12.9,519,25%,1,0,0,21/10/2023
U1039,USA,38,M,Family,12.6,456,5%,5,0,0,11/07/2022
U1512,Nigeria,17,Female,Student,17.4,485,ten,3,1,7.99,10/10/2022
U1047,IND,39,M,Family,6.8,512,ten,1,yes,7.99,02/01/2024
U1696,Ghana,43,female,Free,8,471,25%,2,0,9.99 USD,09/09/2023
U1225,Nepal,39,male,Fam,8.5,486,15%,,1,0,27/06/2022
U1215,UK,17,M,Premium,11.7,495,0.1,,1,9.99,27/08/2024
U1358,United Kingdom,45,female,Student,15.2,461,5%,3,0,5,09/30/2022
U1622,Ghana,42,female,Student,4.5,520,15%,,1,12.99,09/04/2023
U1631,IND,41,F,Student,2.6,542,30%,1,1,nan,05/05/2022
U1332,South Africa,18,female,Family,18.8,460,15%,3,no,0,03/18/2023
U1579,IND,38,Female,Premium,13.7,525,15%,,0,7.99,23/05/2022
U1315,India,18,M,Premium,8.4,479,0.1,1,0,9.99,15/12/2023
U1369,Ghana,48,Other,Family,9,477,10%,,0,0,04/23/2022
U1004,IND,57,F,Studnt,12.5,473,15%,3,0,0,02/16/2023
U1497,USA,41,Other,Premum,8.2,497,ten,4,0,7.99,05/06/2023
U1255,Nepal,63,M,Student,8.5,462,20%,4,1,nan,13/12/2023
U1168,Nigeria,41,Male,Premium,16.1,477,0.2,3,1,9.99,11/27/2023
U1537,USA,48,F,Studnt,11.3,486,0.1,4,yes,7.99,09/10/2022
U1405,Nigeria,46,,Premium,11.8,506,0.1,3,1,9.99,06/04/2023
U1553,United Kingdom,34,Other,Fam,6.9,467,5%,2,0,5,06/28/2022
U1436,India,26,Female,Premium,16.9,490,ten,,0,9.99,14/05/2024
U1423,USA,31,Other,Studnt,16.2,508,5%,5,0,5,09/23/2022
U1483,South Africa,22,male,Premum,6.8,442,0.2,3,0,9.99,17/05/2023
U1174,USA,32,F,Family,11.6,505,20%,5,1,7.99,08/03/2022
U1362,UK,59,F,Premium,0.8,484,30%,2,1,12.99,06/05/2022
U1317,Ghana,16,F,Premum,7.3,500,5%,5,0,9.99,10/08/2022
U1113,United Kingdom,57,female,Premium,10.8,521,5%,3,no,12.99,11/01/2024
,USA,40,female,Free,8.5,501,0.1,5,1,9.99 USD,08/01/2024
U1007,United Kingdom,28,F,Student,5.6,507,0.1,2,1,0,27/05/2023
U1164,United Kingdom,54,Male,Free,11.5,511,20%,5,1,0,05/02/2023
U1439,Nepal,50,Female,Student,10.6,490,ten,,1,9.99,16/11/2022
,Brazil,61,male,Premium,13.4,512,25%,5,no,0,01/15/2022
U1188,India,28,M,Studnt,19.1,504,5%,4,0,9.99,07/13/2024
U1580,Ghana,23,Other,Free,14.3,507,ten,3,0,nan,10/11/2023
U1181,Ghana,55,Female,Free,2.5,513,0.1,4,1,7.99,07/17/2022
U1145,Kenya,63,M,Premium,19,495,5%,5,1,7.99,07/15/2023
U1558,Nigeria,49,Female,Fam,5.6,497,15%,,1,7.99,07/01/2023
U1026,UK,23,female,Free,7.5,497,25%,,0,9.99,08/04/2024
U1098,Ghana,50,,Premium,5.6,509,0.2,3,0,nan,12/26/2023
U1199,Nigeria,15,male,Family,7.9,528,ten,3,0,7.99,26/06/2023
U1297,Ghana,52,,Premium,4.3,469,30%,3,no,9.99 USD,03/13/2024
U1545,UK,40,Male,Family,0.7,534,0.1,3,0,0,04/14/2022
U1257,India,15,,Fam,0.3,503,30%,,0,0,03/30/2024
U1450,Kenya,52,,Family,1.5,515,20%,4,1,9.99,22/06/2024
U1629,Ghana,61,,Free,14.5,522,ten,4,1,7.99,01/10/2022
U1300,United Kingdom,31,male,Studnt,11.2,532,ten,1,0,0,11/29/2023
U1698,UK,30,Other,Fam,15.7,494,5%,3,0,0,05/12/2022
,United Kingdom,40,male,Student,5,488,ten,2,0,7.99,05/02/2024
U1437,Nigeria,44,Male,Premum,15.1,456,10%,4,1,7.99,14/09/2023
U1272,U.K.,22,Female,Free,4.4,499,0.2,,0,0,05/26/2022
U1081,U.K.,34,female,Premium,9.1,484,ten,5,1,5,21/06/2024
U1237,India,13,F,Free,6.8,531,15%,5,0,5,11/07/2022
U1634,Kenya,52,Other,Family,10.9,480,5%,5,yes,9.99,01/06/2023
U1172,USA,22,Male,Family,4.8,503,ten,4,0,5,07/15/2022
U1510,Kenya,55,female,Premium,12.1,512,15%,2,no,12.99,15/06/2023
U1279,U.K.,37,female,Free,13.9,512,20%,4,1,9.99,02/07/2024
U1210,India,54,,Studnt,7.7,496,ten,3,1,0,08/09/2022
U1533,South Africa,52,female,Free,9.1,478,25%,3,0,12.99,23/03/2024
U1218,South Africa,38,Other,Fam,18.4,501,25%,5,1,5,10/28/2023
U1148,Ghana,46,Other,Fam,5.7,477,ten,2,1,7.99,28/04/2023
U1621,USA,25,F,Fam,12,505,25%,3,0,9.99 USD,23/05/2023
U1518,Nigeria,18,F,Studnt,7.8,477,0.1,5,1,7.99,01/03/2023
U1535,U.K.,24,M,Fam,9,524,30%,4,0,9.99,16/06/2022
U1523,South Africa,58,,Free,3.8,498,15%,1,0,9.99,16/01/2022
U1444,South Africa,37,Female,Free,3.9,500,0.2,2,1,7.99,28/03/2023
U1384,Nigeria,14,F,Studnt,6.3,491,0.2,2,0,7.99,21/01/2024
U1311,South Africa,45,,Family,22.1,508,15%,4,0,9.99,22/05/2023
U1197,UK,15,F,Student,5.4,521,20%,3,0,5,04/02/2024
U1626,India,44,Male,Family,9.5,535,5%,4,0,7.99,03/10/2023
U1183,UK,60,F,Premium,13.6,513,15%,5,0,9.99,06/21/2023
U1122,Kenya,43,Male,Premium,6,519,25%,4,0,7.99,06/11/2023
U1587,UK,39,Male,Premum,4.5,495,25%,3,0,7.99,25/06/2022
U1124,South Africa,51,F,Family,5.1,481,25%,4,0,7.99,02/29/2024
U1357,USA,32,Other,Premium,10,500,30%,1,0,9.99,24/12/2022
U1393,U.K.,36,male,Studnt,17.2,506,10%,3,1,9.99,08/21/2023
U1025,IND,35,female,Fam,13,532,0.1,2,1,9.99,16/11/2023
U1623,India,35,Male,Family,8.2,493,20%,4,0,12.99,01/13/2024
U1243,Nepal,59,F,Studnt,5.6,466,0.1,2,0,9.99,09/23/2023
U1321,U.K.,43,Male,Premium,23.3,502,30%,4,0,nan,03/03/2022
U1106,South Africa,29,F,Studnt,9.6,482,30%,2,1,9.99 USD,22/04/2022
U1472,Kenya,41,female,Fam,0.6,463,25%,4,1,9.99,29/01/2022
U1077,Nepal,23,male,Premium,8.4,501,5%,3,yes,9.99,21/10/2022
U1078,U.K.,33,Other,Premium,14.4,487,15%,1,0,9.99,28/07/2023
U1421,United Kingdom,49,Other,Family,16.3,531,5%,4,0,7.99,08/20/2024
U1469,IND,51,female,Premum,6.8,486,ten,3,0,9.99,15/04/2022
U1651,Nigeria,20,Other,Premum,21.7,524,25%,3,0,5,01/09/2022
U1427,Nepal,37,Other,Family,10.7,544,10%,4,0,7.99,03/23/2023
U1542,IND,20,F,Student,8,516,15%,3,1,9.99,01/26/2022
U1447,USA,59,female,Premium,13.3,497,15%,3,0,5,10/13/2022
U1261,United Kingdom,55,male,Free,4.1,539,0.2,3,1,9.99 USD,15/11/2023
U1687,South Africa,44,,Fam,9,514,15%,2,1,9.99 USD,10/11/2023
U1538,UK,60,female,Premum,10.5,487,15%,5,0,7.99,03/22/2022
U1162,Kenya,27,Female,Studnt,3.3,487,15%,2,0,7.99,11/05/2023
U1289,UK,30,male,Family,8.9,493,5%,3,no,9.99 USD,19/06/2024
U1179,Kenya,14,,Free,12.9,500,25%,4,0,7.99,11/06/2023
U1501,IND,57,Female,Premum,4.4,493,15%,3,no,7.99,02/01/2023
U1276,USA,34,male,Fam,4.4,475,0.2,4,0,0,08/02/2023
U1642,USA,14,Female,Premum,3.7,494,20%,3,1,7.99,09/10/2022
U1554,U.K.,23,F,Premium,6.5,504,0.1,4,1,7.99,05/10/2023
U1460,Nigeria,20,M,Family,7.8,518,0.2,1,0,5,08/16/2023
U1603,Nepal,38,F,Premium,7.8,488,0.2,4,1,12.99,06/03/2024
U1459,USA,63,,Studnt,12.1,489,15%,3,1,12.99,09/12/2022
U1286,Ghana,15,M,Family,5.1,489,0.2,5,0,nan,01/01/2022
U1264,United Kingdom,30,M,Family,0.5,511,5%,2,no,9.99,05/10/2022
U1612,Ghana,61,Other,Studnt,1.9,475,25%,3,0,7.99,03/06/2024
U1234,Nigeria,29,Male,Free,10,484,30%,4,0,12.99,22/02/2023
U1233,USA,60,,Student,14.1,507,20%,5,no,7.99,07/16/2024
U1085,Kenya,45,Male,Premum,6,487,30%,,0,7.99,10/07/2023
U1287,India,53,Male,Premum,5.5,500,0.1,2,1,7.99,27/03/2022
U1029,Nepal,44,M,Student,8.2,514,15%,3,0,9.99,01/27/2022
U1325,Ghana,63,,Studnt,19.1,477,10%,1,0,9.99,07/29/2023
U1446,USA,45,male,Fam,11.4,499,5%,2,no,9.99,05/11/2023
U1089,IND,13,male,Student,9.8,481,15%,4,0,7.99,19/02/2022
U1610,United Kingdom,32,,Free,15.6,481,25%,4,1,7.99,30/06/2024
U1326,India,43,Male,Studnt,9.6,531,30%,1,0,7.99,06/04/2023
U1061,USA,63,,Free,6.5,530,15%,4,0,0,08/11/2022
U1541,Brazil,49,Other,Student,15.4,534,25%,3,0,9.99 USD,24/02/2023
U1277,Ghana,38,,Family,9.2,477,30%,2,0,9.99,07/09/2023
U1594,Kenya,19,M,Fam,0.8,502,15%,3,0,7.99,10/27/2022
U1160,Brazil,45,Female,Studnt,11.1,495,0.2,3,0,5,03/01/2022
U1221,UK,61,Male,Free,7.1,514,0.2,4,0,9.99,06/02/2023
U1217,UK,24,M,Fam,17.3,485,10%,4,no,0,01/05/2023
U1516,U.K.,52,F,Family,9.5,461,0.2,3,1,5,09/27/2022
U1167,U.K.,17,F,Studnt,5.9,514,30%,,1,9.99,20/10/2023
U1555,United Kingdom,35,Female,Free,11.7,545,0.1,3,0,9.99,03/05/2024
U1108,Brazil,26,male,Family,17.1,485,10%,2,0,9.99,13/03/2022
U1471,IND,48,F,Fam,10.5,521,10%,4,0,9.99 USD,01/08/2023
U1091,IND,60,,Student,20.3,498,20%,2,1,9.99,03/01/2022
U1391,Nepal,23,male,Fam,9.8,496,25%,2,1,7.99,07/04/2022
U1665,UK,62,,Student,11.4,467,10%,4,0,9.99 USD,06/22/2023
U1431,Nepal,30,Male,Free,4.4,466,20%,4,no,0,15/12/2022
U1038,United Kingdom,48,male,Free,6.7,485,15%,2,0,9.99,02/21/2023
U1055,Nigeria,41,M,Free,12.1,500,20%,3,0,9.99,12/02/2022
U1100,Ghana,35,Female,Student,11.4,490,25%,4,1,9.99,06/11/2024
U1307,South Africa,46,Other,Free,5.4,495,10%,3,0,9.99,13/07/2024
U1635,Nigeria,31,male,Fam,4.1,450,30%,2,0,0,08/16/2023
U1298,Ghana,61,Female,Fam,1.2,516,20%,3,1,7.99,30/01/2022
U1241,Brazil,64,M,Fam,14,556,15%,4,yes,7.99,28/02/2022
U1066,United Kingdom,22,M,Free,2.3,493,15%,4,1,9.99 USD,21/07/2022
U1118,Kenya,52,male,Family,8.9,475,ten,2,0,9.99,04/02/2022
U1036,USA,20,Female,Fam,22.3,488,25%,1,1,7.99,14/03/2022
U1534,USA,55,male,Family,6.1,490,0.2,1,1,7.99,25/11/2022
U1684,Nigeria,44,F,Family,12.1,464,10%,2,no,0,10/03/2022
U1294,IND,46,female,Studnt,7.4,507,0.1,3,0,7.99,20/10/2023
U1654,Brazil,15,female,Premium,19.8,484,30%,3,0,9.99,19/02/2024
U1547,South Africa,21,Male,Premium,9.1,524,0.1,5,no,9.99,03/07/2022
U1406,Kenya,24,,Premium,8.5,514,15%,4,1,0,07/15/2023
U1473,Ghana,50,F,Studnt,8.5,526,0.1,1,1,0,16/10/2022
U1057,Nigeria,58,Other,Premium,9.7,491,15%,3,0,5,06/06/2024
U1134,South Africa,42,female,Student,13,483,0.2,5,0,7.99,09/14/2022
U1661,South Africa,45,Male,Premium,11.2,512,5%,,0,5,24/05/2024
U1334,Kenya,32,Male,Student,6.4,488,15%,1,1,9.99,15/12/2023
U1643,Ghana,40,Male,Fam,5.7,453,0.1,3,1,7.99,07/21/2024
U1053,USA,40,Female,Family,3.6,509,25%,5,1,7.99,13/12/2022
U1681,United Kingdom,20,M,Family,8.7,476,20%,3,0,7.99,20/07/2023
U1374,United Kingdom,18,M,Student,14.2,504,0.2,5,0,9.99,04/11/2022
U1641,U.K.,62,Female,Family,5.6,484,0.2,,0,9.99,08/12/2022
U1203,Nepal,62,,Fam,17.2,508,10%,,1,9.99,12/08/2023
U1660,United Kingdom,46,Female,Premum,2.4,504,5%,4,0,12.99,01/05/2024
U1069,U.K.,57,male,Premium,21.4,454,30%,3,1,7.99,11/05/2022
U1240,South Africa,47,,Premum,3.9,483,25%,1,0,12.99,13/10/2022
U1230,United Kingdom,59,Other,Family,18.2,484,20%,5,0,7.99,16/06/2024
U1293,IND,34,male,Free,17.8,517,15%,4,0,0,08/29/2023
U1657,IND,22,Male,Premium,3.6,486,10%,,1,nan,28/07/2022
U1253,USA,38,male,Premum,11.3,497,15%,4,1,9.99,23/10/2022
U1499,UK,16,Male,Studnt,11.2,485,15%,,0,12.99,05/30/2024
U1318,United Kingdom,42,M,Student,13.2,458,15%,2,1,0,07/15/2023
U1677,Nigeria,63,Other,Student,6.4,541,0.1,2,1,0,05/04/2024
U1350,Brazil,57,F,Studnt,11.6,510,5%,4,1,5,10/03/2022
U1016,United Kingdom,59,F,Free,14.2,514,20%,2,0,5,02/23/2023
U1064,USA,37,M,Fam,10.1,510,ten,3,0,7.99,21/01/2024
U1027,USA,24,F,Fam,8.8,508,15%,1,0,9.99,08/30/2023
U1658,IND,31,F,Student,9.8,508,30%,3,no,nan,30/07/2022
U1522,UK,38,,Studnt,12.3,500,ten,1,no,7.99,11/24/2023
U1564,United Kingdom,13,male,Studnt,16.1,489,25%,3,1,12.99,07/13/2024
U1690,UK,28,male,Premum,21.7,512,15%,2,1,7.99,24/12/2023
U1265,India,50,,Premum,10.9,497,20%,3,0,9.99,11/02/2023
U1014,South Africa,32,Male,Free,20.8,487,25%,2,0,7.99,30/06/2024
U1213,U.K.,18,,Student,0.5,509,5%,1,0,nan,23/04/2023
U1186,Brazil,59,Female,Family,0.5,490,20%,1,0,9.99,21/08/2024
U1492,Nigeria,64,Male,Fam,13.3,501,25%,3,0,7.99,13/07/2024
U1570,U.K.,21,F,Premium,11.9,487,10%,5,1,9.99,12/01/2023
U1236,Kenya,48,male,Free,15.6,548,15%,3,0,12.99,06/05/2024
U1451,India,52,Other,Fam,1.4,511,30%,3,no,5,09/09/2023
U1402,Brazil,26,F,Student,11.4,513,10%,2,1,9.99,03/13/2024
U1379,Kenya,22,female,Student,7.4,505,ten,3,yes,7.99,12/22/2023
U1193,South Africa,16,female,Premium,12.4,523,25%,2,no,9.99 USD,04/29/2022
U1268,Ghana,27,female,Free,8.2,510,0.1,4,0,9.99,04/06/2022
U1457,India,15,Other,Premium,5.3,525,0.2,2,1,7.99,07/03/2023
U1371,South Africa,55,M,Free,10.6,496,25%,4,yes,9.99,05/28/2024
U1159,Kenya,50,M,Studnt,8.3,518,ten,1,1,0,01/31/2023
U1191,Kenya,28,Female,Student,14.5,516,30%,3,0,9.99,16/11/2023
U1440,Brazil,45,Female,Student,15.1,474,0.2,3,0,0,02/13/2023
U1102,Ghana,49,male,Student,15.7,532,5%,2,0,0,03/29/2023
U1336,UK,23,Male,Family,17,458,25%,4,1,0,03/02/2023
U1456,South Africa,18,male,Fam,9.1,499,ten,3,no,7.99,07/14/2024
U1368,USA,23,,Student,13.8,519,30%,1,0,0,05/06/2023
U1224,USA,57,Female,Family,21.1,499,30%,4,0,9.99,14/04/2023
U1600,UK,41,Female,Premum,8.7,483,5%,,0,9.99 USD,02/07/2024
U1646,USA,42,Other,Premum,14.8,484,0.2,3,0,0,18/10/2022
U1383,Ghana,52,female,Student,4.2,471,5%,4,0,0,17/11/2023
U1323,Nepal,21,Other,Free,10.8,499,25%,4,no,7.99,14/01/2023
U1606,UK,33,F,Student,2.9,490,25%,3,0,12.99,08/20/2024
U1092,South Africa,18,F,Free,4,503,20%,5,0,9.99,03/17/2022
U1361,UK,24,male,Free,7.2,485,30%,3,0,0,09/21/2022
U1372,UK,15,Other,Premum,14.9,484,0.2,1,0,12.99,30/10/2023
U1397,Nigeria,43,Male,Premium,8.7,514,20%,3,1,5,07/03/2023
U1067,UK,42,female,Fam,14.6,479,30%,4,0,9.99,07/27/2024
U1528,U.K.,52,F,Family,15.4,480,0.2,1,0,12.99,03/11/2022
U1476,UK,39,male,Studnt,15.3,530,0.1,3,1,9.99,02/06/2024
U1214,United Kingdom,13,F,Student,12.9,509,10%,1,1,12.99,17/01/2022
U1485,UK,50,Other,Family,7.7,536,ten,3,1,0,11/09/2022
U1073,Nepal,30,,Student,14.9,494,25%,1,0,12.99,24/10/2023
U1282,United Kingdom,32,Other,Family,12,502,10%,3,no,7.99,07/02/2023
U1648,Nepal,63,F,Family,9.1,481,0.2,1,0,9.99,02/03/2024
U1663,Nepal,40,female,Student,18.8,480,ten,4,1,9.99,13/04/2023
U1071,India,45,F,Studnt,9,525,10%,3,1,9.99,02/25/2023
U1338,USA,27,F,Premium,6.8,510,25%,3,0,0,23/11/2022
U1398,UK,61,male,Fam,19,451,15%,3,0,9.99,03/16/2023
U1182,Kenya,55,male,Family,12.5,498,25%,4,0,nan,09/24/2022
U1536,United Kingdom,56,F,Premium,5.6,516,5%,1,1,9.99,06/22/2023
U1605,United Kingdom,62,,Premium,9.2,493,10%,3,no,0,15/01/2023
U1220,Brazil,46,male,Fam,15.8,494,30%,2,0,9.99,27/03/2024
U1664,India,44,M,Family,8.2,483,ten,4,0,7.99,27/09/2022
U1171,Nepal,29,Male,Fam,13.7,510,10%,5,0,5,20/04/2022
U1430,Nigeria,37,Male,Free,16,498,25%,4,1,7.99,02/09/2023
U1461,United Kingdom,54,Other,Family,13.8,476,20%,4,0,12.99,12/24/2022
U1206,India,33,Other,Premum,11.4,490,10%,5,0,7.99,04/11/2023
U1525,India,24,male,Fam,6.7,505,30%,3,1,9.99,04/10/2022
U1344,Nepal,14,male,Studnt,15.8,501,25%,,0,9.99,15/06/2024
U1659,Nepal,58,Female,Free,7.2,495,5%,3,0,5,25/04/2022
U1345,Nepal,27,M,Fam,6.2,511,20%,,1,0,28/03/2024
U1480,U.K.,14,M,Free,14.5,474,15%,4,0,7.99,25/03/2024
U1692,USA,64,,Fam,19.8,480,0.1,3,0,7.99,11/22/2023
U1385,Nepal,32,,Free,11,504,10%,3,1,7.99,11/02/2022
U1585,India,39,male,Fam,6.3,477,10%,4,0,7.99,30/06/2024
U1102,Ghana,49,male,Student,15.7,532,5%,2,0,0,03/29/2023
U1433,Nigeria,20,M,Premum,12.6,521,0.2,3,no,9.99 USD,07/07/2024
U1502,USA,14,Other,Premium,16.1,470,0.1,3,1,9.99,03/03/2024
U1117,Nigeria,61,Other,Free,18.6,558,15%,5,0,9.99,12/25/2023
U1453,India,51,F,Premium,15.5,502,ten,2,0,9.99,12/15/2022
U1527,Kenya,25,Female,Family,10,452,ten,1,0,9.99,18/06/2022
U1146,Kenya,51,M,Premum,13.7,498,ten,4,0,9.99,11/03/2022
U1682,U.K.,46,Male,Free,16,505,30%,4,0,7.99,14/08/2024
U1388,South Africa,21,Female,Free,12.6,508,0.2,4,yes,0,08/14/2023
U1324,United Kingdom,15,female,Studnt,11.9,521,15%,2,1,9.99,04/24/2023
U1327,UK,52,male,Premum,5.9,460,5%,5,no,7.99,02/04/2024
U1442,IND,27,F,Premium,13.6,504,0.1,3,0,9.99,13/11/2022
U1493,United Kingdom,27,M,Family,23.4,536,15%,3,0,0,15/12/2022
U1521,Nigeria,59,Female,Studnt,0.3,506,10%,,0,7.99,09/03/2023
U1256,United Kingdom,19,female,Premium,16,525,0.2,3,0,7.99,06/10/2023
U1013,India,31,male,Family,2,554,0.2,2,0,5,20/06/2023
U1590,Kenya,56,Other,Premum,12.6,480,10%,3,0,7.99,12/09/2023
,India,61,Female,Fam,16.1,494,30%,3,1,9.99,11/08/2022
U1115,Brazil,16,male,Premum,10.3,506,15%,2,1,12.99,25/06/2023
U1354,USA,38,,Studnt,10.4,479,30%,3,0,5,26/04/2024
U1088,South Africa,47,M,Premum,5,487,25%,3,0,0,12/18/2023
U1504,Nigeria,43,F,Student,4.9,504,ten,3,0,0,12/07/2023
U1305,South Africa,64,F,Premum,7,482,30%,4,0,9.99,19/05/2024
U1125,USA,38,female,Studnt,3.4,481,ten,3,0,0,23/06/2022
U1200,USA,39,Male,Premum,11.3,487,30%,2,0,9.99,12/24/2022
U1319,Ghana,23,F,Premium,7.8,504,30%,2,1,5,20/09/2022
U1010,Brazil,49,F,Student,10.4,457,20%,5,0,9.99,11/04/2022
U1655,Nigeria,44,M,Studnt,15.6,521,25%,2,1,7.99,26/06/2022
U1404,Kenya,21,M,Student,19,474,ten,4,0,7.99,16/02/2022
U1596,Ghana,18,,Free,17.9,524,10%,2,0,5,31/01/2022
U1024,USA,28,,Premum,12.8,510,25%,3,no,0,05/15/2022
U1339,Brazil,18,M,Family,9.7,511,25%,3,0,0,07/30/2022
U1589,South Africa,55,male,Studnt,17.2,481,25%,3,0,0,31/05/2024
U1228,UK,59,male,Studnt,19.3,464,0.2,4,0,9.99,16/01/2023
U1495,Nepal,20,Female,Family,6.6,496,10%,2,0,9.99,01/01/2024
U1491,USA,36,F,Student,13.2,479,30%,1,0,7.99,23/06/2023
U1637,United Kingdom,13,M,Family,11.3,493,20%,,0,5,11/05/2022
U1645,Nigeria,62,female,Premium,12.5,478,20%,4,no,9.99,01/27/2024
U1189,Ghana,43,male,Premium,13.1,500,20%,3,1,9.99 USD,18/12/2023
U1139,United Kingdom,27,Female,Fam,5.4,441,ten,5,1,7.99,09/14/2023
U1458,U.K.,19,female,Fam,8.9,528,0.1,3,0,9.99,29/03/2024
U1363,USA,13,F,Studnt,11,509,10%,3,0,7.99,23/06/2023
U1364,USA,38,F,Free,11.8,484,0.1,5,0,12.99,08/30/2022
U1488,Nepal,59,Other,Student,11.7,495,10%,1,0,5,23/03/2023
U1581,South Africa,50,Male,Studnt,16.4,483,5%,1,1,9.99,06/01/2023
U1147,Brazil,50,F,Student,13,479,25%,3,0,9.99,13/02/2023
U1355,UK,16,Male,Premium,14.4,482,30%,3,0,5,02/04/2022
U1419,South Africa,47,M,Studnt,0.1,531,15%,4,0,9.99,09/22/2023
U1416,India,49,Female,Studnt,7.2,451,15%,5,0,9.99 USD,04/17/2023
U1195,Ghana,16,Female,Premum,9.9,500,30%,3,1,0,02/09/2022
U1299,United Kingdom,56,male,Free,4.9,475,0.2,4,yes,12.99,30/08/2024
U1392,Kenya,27,Female,Fam,15.7,493,25%,4,1,0,24/02/2022
U1050,U.K.,45,Other,Studnt,11.4,475,15%,5,0,12.99,25/09/2023
U1190,United Kingdom,23,female,Family,11.6,475,25%,4,1,nan,22/07/2022
U1401,Ghana,62,M,Family,13,475,15%,2,0,9.99,27/08/2024
U1208,UK,30,Female,Family,2.8,494,20%,4,0,9.99 USD,14/07/2023
U1051,India,32,Male,Student,6,513,25%,5,0,5,27/08/2024
U1012,IND,47,male,Family,5.8,549,25%,3,0,5,05/08/2023
U1008,Kenya,33,Female,Studnt,6.5,499,ten,5,0,12.99,13/10/2023
U1399,South Africa,17,Female,Student,11.1,511,5%,2,0,5,15/05/2024
U1468,Nigeria,42,F,Family,11.7,477,0.2,3,no,9.99,12/18/2023
U1278,Ghana,56,,Fam,14.5,531,25%,4,no,0,05/29/2022
U1383,Ghana,52,female,Student,4.2,471,5%,4,0,0,17/11/2023
U1166,USA,29,male,Fam,14.2,487,30%,3,0,9.99,22/04/2023
U1040,Kenya,20,female,Student,2.6,516,15%,3,1,9.99 USD,17/04/2023
U1121,USA,40,Female,Premum,7.7,475,15%,3,0,12.99,18/01/2022
U1328,India,49,M,Premium,3.7,479,15%,2,no,5,12/12/2022
U1531,Brazil,45,,Studnt,23.7,536,10%,3,0,9.99,07/08/2023
U1604,Brazil,40,female,Premum,10.2,485,10%,2,1,7.99,11/23/2023
U1628,Kenya,41,,Free,11.2,495,10%,4,0,7.99,17/04/2023
U1110,UK,58,Male,Student,11.4,496,0.2,4,1,9.99,10/03/2023
U1482,Ghana,17,Female,Premum,13.7,499,30%,5,1,12.99,08/29/2023
,Nigeria,37,female,Family,0.2,503,ten,2,1,12.99,17/08/2022
U1348,South Africa,38,Other,Studnt,8.2,517,0.2,4,0,9.99,02/11/2022
U1375,USA,62,F,Fam,7.9,511,20%,4,0,5,02/02/2022
U1056,Ghana,25,Male,Premium,6.6,497,25%,3,0,9.99,03/26/2023
U1082,Nigeria,39,Male,Studnt,8,486,25%,2,1,9.99,04/18/2024
U1562,Nigeria,48,Male,Family,12.6,498,30%,2,1,0,24/05/2024
U1320,U.K.,42,female,Free,15.1,512,25%,3,no,7.99,19/08/2024
U1486,Kenya,25,Other,Fam,6.3,498,30%,,1,12.99,14/09/2023
U1048,Ghana,29,,Free,4.4,493,15%,3,0,7.99,26/05/2024
U1009,Brazil,23,female,Free,8.8,494,15%,3,1,9.99,17/07/2022
U1337,UK,16,Female,Premium,10.3,498,30%,4,0,7.99,29/07/2023
U1360,United Kingdom,61,Female,Premium,16.5,510,0.2,4,0,nan,06/27/2023
U1494,IND,41,Other,Fam,0.9,500,15%,5,0,7.99,06/14/2023
U1291,UK,48,Other,Student,5.4,528,0.2,3,0,9.99,04/03/2024
U1662,UK,35,male,Studnt,11.3,504,0.1,2,0,5,05/13/2022
U1101,Kenya,49,Other,Family,11,486,ten,3,0,nan,06/05/2022
U1130,South Africa,13,Female,Premum,11.4,492,25%,1,0,12.99,06/13/2024
U1316,United Kingdom,60,Male,Premum,7.9,533,0.2,2,0,7.99,02/20/2023
U1175,USA,36,Female,Student,10.2,444,30%,3,0,5,26/12/2022
U1573,India,64,female,Premium,6.3,504,0.2,5,1,5,12/22/2022
U1271,Kenya,40,male,Family,17,500,10%,4,0,9.99,31/03/2023
U1519,Nigeria,20,male,Fam,1,541,15%,3,1,9.99,30/06/2023
U1060,India,30,Male,Premium,8.2,510,0.1,2,1,9.99,14/04/2023
U1054,U.K.,60,Male,Family,5.2,491,ten,2,0,5,30/12/2023
U1132,United Kingdom,17,Female,Premum,6.1,551,10%,3,0,0,22/04/2023
U1342,Kenya,50,male,Fam,6.5,505,30%,1,no,9.99 USD,12/24/2022
U1630,Kenya,57,F,Premum,2.3,481,20%,3,0,7.99,11/10/2023
U1614,USA,34,Female,Student,19.5,533,5%,2,0,0,05/11/2023
U1032,UK,50,Male,Studnt,10.3,519,5%,4,yes,12.99,22/11/2023
U1666,Kenya,19,male,Family,6.7,526,5%,1,0,0,10/12/2022
U1065,South Africa,14,Female,Student,6.4,488,0.1,4,0,9.99,01/01/2022
U1312,India,34,M,Premium,10.4,469,30%,2,1,0,05/11/2023
U1620,United Kingdom,44,male,Studnt,9.5,493,20%,3,0,12.99,21/07/2024
U1563,U.K.,35,Other,Family,9.2,491,5%,3,0,nan,17/12/2022
U1156,India,63,female,Fam,12.9,530,15%,4,no,9.99,08/27/2024
U1586,U.K.,46,M,Studnt,5.3,524,10%,,no,9.99,03/19/2022
U1248,Nepal,35,Other,Studnt,10.9,482,15%,4,no,7.99,11/30/2023
U1688,Ghana,58,Female,Studnt,9.3,502,10%,3,1,9.99,23/02/2022
U1063,Kenya,59,M,Free,6.9,486,0.2,3,0,9.99,04/12/2023
U1557,UK,58,M,Premum,1,451,ten,3,yes,12.99,21/05/2023
U1270,South Africa,49,F,Family,9,486,0.2,3,0,9.99,03/04/2023
U1198,United Kingdom,44,Male,Fam,16.4,493,10%,4,0,7.99,01/23/2022
U1462,UK,64,Female,Studnt,11,505,15%,5,0,9.99,01/18/2022
U1509,IND,38,male,Family,2,484,5%,3,0,0,28/10/2022
U1254,Brazil,26,,Student,15.7,507,0.2,5,1,9.99,11/07/2022
U1526,South Africa,38,Other,Premium,9,523,10%,2,0,5,31/01/2023
U1331,India,43,,Student,20.1,457,20%,5,1,7.99,03/14/2022
U1288,USA,57,F,Fam,11.8,530,ten,1,0,7.99,29/01/2023
U1245,IND,26,Male,Family,9.3,496,30%,2,1,0,11/02/2022
U1306,UK,38,male,Fam,14.4,504,10%,4,0,12.99,08/04/2022
U1560,Nigeria,38,,Premium,17.6,505,25%,4,0,0,17/03/2024
U1062,USA,17,Male,Free,11.5,512,30%,2,1,nan,01/31/2024
U1176,India,17,Other,Family,9.5,506,5%,3,0,9.99,02/05/2023
U1058,IND,47,male,Family,7.2,495,0.1,3,0,7.99,12/01/2023
U1672,United Kingdom,35,Other,Studnt,11.3,481,30%,5,no,9.99,25/08/2023
U1333,South Africa,14,F,Studnt,4.8,522,10%,3,no,5,09/06/2023
U1015,South Africa,30,,Student,4.3,500,10%,1,0,9.99,20/05/2023
U1595,Kenya,64,Other,Fam,15.9,495,0.2,4,0,7.99,02/14/2023
U1267,India,63,Female,Free,9,495,0.1,4,0,12.99,23/02/2024
U1650,South Africa,13,,Premium,9,524,25%,3,0,0,07/02/2022
U1263,United Kingdom,57,Male,Fam,13.9,491,0.1,4,1,7.99,01/29/2024
U1042,Ghana,40,Male,Premum,8.1,484,20%,,0,7.99,05/06/2023
U1223,U.K.,38,,Student,5.8,484,30%,4,1,7.99,04/05/2022
U1671,USA,36,Male,Fam,12,481,10%,2,0,7.99,07/16/2022
U1302,India,53,Female,Student,13.5,481,10%,3,1,0,11/07/2022
U1445,IND,29,Male,Premum,14.2,508,ten,5,0,12.99,07/12/2022
U1157,IND,46,Female,Fam,10.7,485,ten,4,0,9.99,28/05/2024
U1151,USA,46,female,Premum,8.9,546,10%,3,yes,9.99,25/03/2022
U1544,United Kingdom,61,Female,Student,3.1,504,25%,5,0,9.99 USD,20/08/2024
U1351,U.K.,56,M,Premium,9.8,505,25%,3,1,12.99,07/18/2022
U1142,UK,26,,Family,7.1,505,20%,2,yes,7.99,02/10/2022
U1083,India,61,M,Family,9.9,501,0.1,4,0,9.99,17/06/2023
U1367,United Kingdom,49,M,Free,12.7,511,15%,1,0,9.99 USD,24/10/2023
U1141,United Kingdom,33,male,Premum,16.1,505,5%,,yes,7.99,31/05/2023
U1569,IND,59,M,Family,13.8,492,5%,,0,5,16/06/2023
U1678,Nigeria,45,Female,Student,11.2,498,10%,,yes,0,01/04/2022
U1577,India,64,male,Premum,7.6,461,15%,1,0,9.99,29/01/2022
U1244,South Africa,34,,Free,5.8,496,0.1,3,no,9.99 USD,07/12/2022
U1539,UK,16,,Fam,0.8,496,10%,3,1,7.99,11/08/2022
U1441,USA,35,female,Premium,3.4,499,ten,5,0,0,04/03/2023
U1619,IND,13,M,Premium,7.6,495,20%,4,1,9.99,03/12/2022
U1627,IND,42,,Premum,11.1,503,30%,5,0,7.99,04/03/2022
U1087,Ghana,53,Male,Premum,4.4,497,0.2,4,no,7.99,12/08/2024
U1274,UK,29,Female,Fam,11,494,0.2,5,0,9.99,06/09/2024
U1475,IND,49,Male,Studnt,13.9,480,30%,,0,9.99,03/12/2024
U1550,USA,26,male,Premium,14.6,457,25%,3,0,7.99,02/01/2022
U1105,USA,31,Male,Studnt,8,556,0.2,3,no,7.99,11/04/2024
U1613,Kenya,32,Female,Family,16.4,495,10%,5,0,nan,12/07/2022
U1409,U.K.,13,Female,Studnt,16.5,519,0.2,3,0,0,11/10/2023
U1076,India,61,M,Student,16,498,5%,,0,0,15/02/2023
U1075,Nigeria,59,Female,Premium,4.1,506,25%,,1,9.99 USD,08/03/2022
U1515,India,22,,Studnt,10.5,487,5%,,0,9.99,09/14/2022
U1072,U.K.,13,male,Premium,9.4,492,15%,3,yes,9.99,12/18/2022
U1380,UK,56,female,Family,11.5,489,20%,5,1,0,12/21/2022
U1204,South Africa,63,female,Studnt,7.4,450,15%,3,0,12.99,03/01/2023
U1507,India,48,Male,Free,10.2,482,15%,3,0,5,07/04/2023
U1435,UK,52,male,Student,13.9,471,0.2,3,0,9.99,07/12/2022
U1212,Kenya,33,Male,Family,5.9,492,ten,2,1,12.99,06/30/2024
U1559,South Africa,33,M,Family,8.5,507,15%,1,1,9.99,16/12/2022
U1093,Nigeria,40,male,Studnt,9.8,460,0.1,5,0,12.99,03/04/2024
U1617,Nigeria,61,male,Premium,4.3,482,0.1,3,0,9.99,28/07/2023
U1003,South Africa,44,,Student,11.8,525,5%,4,0,0,11/01/2022
U1109,United Kingdom,21,F,Family,16.1,497,0.2,3,0,9.99,31/01/2023
U1052,Ghana,25,male,Student,12.7,467,0.2,5,0,7.99,28/12/2023
U1290,U.K.,59,Male,Premium,5.8,500,ten,4,0,5,20/08/2022
U1275,Brazil,51,Other,Studnt,8.1,484,ten,4,yes,7.99,04/06/2023
U1138,UK,35,Other,Studnt,11.4,500,25%,3,0,9.99,01/19/2023
U1520,United Kingdom,35,Male,Studnt,8.9,464,0.1,4,1,0,11/08/2023
U1498,IND,59,female,Fam,14.4,468,20%,1,0,9.99,02/10/2023
U1227,IND,38,F,Student,6.6,551,5%,3,0,9.99,05/06/2023
U1464,United Kingdom,59,Other,Studnt,14.4,503,ten,4,yes,9.99,02/21/2024
U1235,Nepal,38,,Premum,16.6,467,30%,3,0,9.99,31/08/2024
U1002,Brazil,57,Male,Family,7.4,524,15%,1,yes,nan,07/10/2024
,U.K.,26,female,Student,10.9,490,20%,4,no,9.99,25/12/2023
U1135,Nepal,29,Male,Family,16.6,491,0.2,1,0,9.99,13/03/2022
U1018,IND,61,Female,Studnt,11.3,486,0.1,3,0,nan,02/13/2023
U1669,India,13,Other,Fam,4.1,505,ten,4,1,9.99 USD,05/22/2023
U1280,Kenya,29,,Free,11.8,486,0.2,4,0,9.99,12/15/2023
U1413,Nigeria,20,F,Free,15,505,10%,3,0,7.99,20/09/2023
U1209,Nigeria,40,Other,Student,4.5,520,5%,3,no,5,03/16/2022
U1127,UK,15,male,Fam,15.8,465,30%,4,1,nan,22/04/2022
U1185,Ghana,63,female,Premium,15.4,522,10%,3,0,0,08/10/2023
,South Africa,22,female,Studnt,4.4,455,30%,4,0,7.99,01/21/2024
U1030,USA,28,Other,Premium,4.8,522,5%,3,0,5,04/01/2023
U1309,Brazil,18,Female,Premum,12.8,476,30%,,1,9.99,09/04/2023
U1417,India,26,male,Free,7.9,495,0.2,2,0,9.99,15/01/2022
U1676,Brazil,15,female,Premium,13.2,490,5%,2,0,5,01/11/2023
U1238,Kenya,20,M,Family,14.7,506,15%,3,0,12.99,08/15/2022
U1019,U.K.,26,male,Student,10,485,30%,3,0,0,31/05/2023
U1273,South Africa,51,F,Premum,9.7,467,5%,4,1,0,26/02/2023
,USA,16,female,Studnt,11.8,520,15%,3,0,9.99,23/09/2022
U1252,Ghana,57,F,Premium,8.3,483,30%,3,0,9.99 USD,05/20/2022
U1330,IND,36,,Family,7.8,503,5%,3,0,0,25/11/2022
U1449,IND,26,Male,Student,10.8,495,ten,3,0,0,04/01/2023
U1463,South Africa,27,F,Premum,11.6,509,20%,2,0,9.99,12/30/2023
U1556,Kenya,13,Other,Premium,5.8,490,25%,3,yes,0,09/03/2024
U1395,Nigeria,47,male,Premum,8.7,502,15%,4,0,5,08/01/2023
U1549,Brazil,41,,Studnt,17.7,498,ten,3,0,12.99,24/11/2022
U1269,UK,37,female,Student,12,456,5%,2,0,9.99,05/11/2022
U1137,United Kingdom,59,,Fam,7.5,538,10%,2,1,7.99,04/21/2024
U1381,United Kingdom,14,Female,Premium,13.8,522,25%,4,1,9.99,18/09/2022
U1131,IND,56,Other,Premium,6.5,517,5%,2,0,7.99,17/01/2022
U1438,Nepal,63,Other,Premum,0.3,522,0.1,4,0,12.99,13/10/2023
U1329,UK,48,Male,Studnt,9.7,530,ten,1,0,nan,15/05/2023
U1104,UK,22,F,Premum,2,497,25%,5,no,9.99,12/07/2023
U1420,USA,33,Male,Free,13.8,480,0.2,5,0,7.99,11/08/2023
U1155,India,39,Female,Premum,0.3,510,0.1,,1,9.99,07/03/2024
U1377,India,17,Male,Free,12.4,488,5%,4,1,nan,21/06/2024
U1679,United Kingdom,40,Other,Free,2.1,462,25%,1,0,9.99 USD,06/06/2022
U1095,USA,17,F,Free,5.7,472,0.2,4,0,0,09/30/2023
U1229,UK,34,,Free,19.4,508,25%,1,0,nan,04/08/2022
U1111,South Africa,13,male,Premium,14,475,25%,4,0,7.99,11/05/2023
U1296,Kenya,20,male,Family,10.5,513,0.1,5,no,9.99,15/03/2022
U1455,Kenya,18,Female,Family,9.7,499,10%,3,1,0,08/22/2022
U1481,Nepal,22,F,Family,11.1,490,20%,4,0,12.99,11/19/2022
U1693,Ghana,49,Female,Family,8.8,509,10%,,1,9.99 USD,09/08/2024
U1415,Ghana,53,male,Student,5.8,506,30%,3,1,12.99,11/23/2022
U1084,South Africa,25,male,Free,14.3,492,30%,2,1,0,24/04/2023
U1680,Kenya,59,female,Studnt,23.6,495,5%,2,1,5,07/31/2023
U1418,UK,42,male,Fam,6.7,507,25%,5,no,0,02/07/2024
U1588,Kenya,29,M,Family,8.7,530,10%,3,0,0,05/04/2024
U1667,Ghana,41,F,Premium,14.4,512,0.2,4,0,9.99,05/07/2022
U1584,United Kingdom,30,Male,Student,19.2,458,30%,4,no,7.99,07/21/2023
U1143,IND,14,,Premium,10.2,518,10%,4,0,9.99,03/03/2024
U1524,IND,55,male,Premium,5.5,517,5%,4,0,0,25/10/2023
U1046,Kenya,48,Female,Free,1,562,30%,5,no,0,02/06/2022
U1022,Nepal,13,Female,Fam,7.8,498,30%,5,0,7.99,05/12/2022
